name,class,math,science,english,Total,Average,Grade
Ayush,MCA-A,90,85,88,263,87.66666666666667,B
Rahul,MCA-A,78,82,80,240,80.0,B
Priya,MCA-B,95,92,96,283,94.33333333333333,A
Aman,MCA-B,65,70,68,203,67.66666666666667,C
Neha,MCA-A,88,91,85,264,88.0,B
Rohit,MCA-B,72,75,70,217,72.33333333333333,C
Simran,MCA-A,98,97,99,294,98.0,A
Arjun,MCA-B,55,60,58,173,57.666666666666664,Fail
Karan,MCA-A,81,84,83,248,82.66666666666667,B
Anjali,MCA-B,89,87,90,266,88.66666666666667,B
